,review,Author Name,Review Date,Reviewer Ratings,Review Body,Developer Reply
0,1,横田直樹,2019年5月3日,2,歌詞見れるいいずれ誤字あるあとお気に入りプレイリスト開くライブラリ更新リセットれるマジ入れライブラリ無くアーティストある現象あっ皆さん仰っLISMO圧倒的使いLISMO無くすもっと機能改善お願い本当に,
1,2,ゆきゆき,2019年5月1日,1,通知切る方法分かりすぎる見る新たアプリ入れ通知切れ判明アプリ開発若者毎日アクティブ新曲買っ聴く人間理解,
2,3,s tat,2019年4月30日,1,どうしてもLISMO比べダウンロード反映LISMO動画一覧表示パス分離とにかく使いLISMO慣れとにかく使い,
3,4,NISHII YASUKO,2019年4月29日,1,以前購入機種だぶっダウンロードれる消す出来機種するダウンロード出来有るガラケー購入スマ出来有り,
4,5,kimi oh,2019年5月4日,1,LISMOライブラリ開けなっ愛着あっLISMO使っ消し下らないうたパスLISMOいらついて最早クソアプリありミュージックストア絶対買い,
6,7,Googleユーザー,2019年4月20日,1,au端末シムフリー端末使用au端末反応鈍くタッチ再生かかるシムフリー端末プレイリスト音楽消えlismoトラブル無かっ使いなっうたパスうたパス提供lismoプレイヤー提供現在うたパスプレイヤー使っ機能知らプレイヤー言う他社プレイヤーいっぱいある下位思うマトモ使え,
7,8,MA CA,2019年4月18日,2,起動重い音楽聞いバックグラウンドアプリ消し音楽聞けバックグラウンド使え結構愛用もういら,
8,9,佃隆宏,2019年4月26日,4,アルバム音量あげさげ-★ひとつ,
9,10,にしえみ,2019年4月23日,2,購入楽曲購入流れる聞き購入楽曲聞い聞け聞こする操作必要なる,
10,11,Yuya,2019年4月25日,1,様々不具合対応起きトラブルそれ以前挙げ評価記載ありいつ改善思っ,
11,12,おかとも,2019年4月30日,1,LISMO良かっ使い勝手悪くなりプレーヤーバックグラウンド再生それできなっ,
12,13,宝くじ,2019年5月5日,1,lismo代わりできゴミアプリ遅いわかり払うauユーザーサービス低下アプリauアプリ多かっ,
13,14,ここここ,2019年4月20日,1,使いダウンロードらい無駄機能ビデオ再生する余計使い,
14,15,狼音牙,2019年4月22日,1,LISMO使えなっ早くもどせうたパスLISMO使い,
15,16,岩田将,2019年3月29日,1,正直辛いLISMOガラケー使っ今さら新しく使えワケわからアプリ作る必要あっ疑問プレイリスト消えウィジェット再生できいちいちアプリ開か聞け何で仕様理解苦しむこれアプリ変わらLISMO利点全部無くなっ個人思うレビューこれ評価批判レビュー多い早急対処顧客離れる世の常開発是非レビュー参考より良いアプリ作っ,
16,17,toi moko,2019年4月15日,1,本当にうたパスLISMO統合疑問思うLISMO使いロード短い保存指定出来うたパスロード長く保存指定出来うたパス担当疑問思い最近金儲けユーザー無視見かけ,
17,18,Takashi Yoshida,2019年4月15日,2,聴き利用プレイヤー評価好きデザインお洒落歌詞見れる楽曲アルバム一覧読み仮名ソートれる嫌いアルバム一覧アーティスト一覧読み仮名編集ソート反映最初入っ有効一時再生リスト作れアルバム再生面倒現在リスト再生分かり,
18,19,久渚直,2019年3月31日,2,いまいち使い勝手悪いプリインストールLISMOない代わり仕方使っ間違え再生アルバム再生履歴消せウザイ問い合わせないムカツクページごちゃごちゃだし,
19,20,ウォーカーアレン,2019年4月30日,1,何でLISMOなく?)ただただ使いめんどくさい,
20,21,髭本鎮,2019年3月25日,4,以前使っLISMOレイアウト見易く操作一覧削除選ぶあるスライドバーちょくちょく反応以前ましなっ?)、通信通信制限止まりその他特に立っ言え最近聴いオススメ50精度趣味合わ並ぶ多い一度試し聴いダメアーティスト延々と候補上がりUVERworld聴きダサく感じダメアレいい聴け...全文表示以前使っLISMOレイアウト見易く操作一覧削除選ぶあるスライドバーちょくちょく反応以前ましなっ?)、通信通信制限止まりその他特に立っ言え最近聴いオススメ50精度趣味合わ並ぶ多い一度試し聴いダメアーティスト延々と候補上がりUVERworld聴きダサく感じダメアレいい聴けもう飽き飽きしなんとかアレもう聴か済む方法よくボタン実装する基本UVERworldMrChildren回っスキップ聴き付き合わさ済む選択肢くださいそれ楽しく使わ,
21,22,snow phantom,2019年2月17日,1,LISMO重い更新遅い外部入れ聴けあるLISMO使えるアプリ介さ使え要ら情報テロップ言えるプレイヤー一番余計サイト接続加速止め,
23,24,マルクスジョナサン,2019年4月24日,1,バックグラウンド再生できなっもう要ら色々ダウンロード詐欺,
24,25,黒澤,2019年3月13日,2,歌詞表示ちゃんと出来カラオケ表示対応自動スクロール対応機能プレイリスト楽曲入れる歌詞変わるもっと言え歌詞誤字脱字問い合わせ一向に対応改善これクソアプリ言わ仕方レベルある歌詞無い歌詞ある無いよく分から仕様,
25,26,ぶるーべりぃsachi,2019年4月25日,5,毎日使っ歌詞見れるカラオケ練習便利キレイテーマ決め聞きフォルダ作れる活用,
26,27,北尾康太,2019年4月4日,2,取り種類まあ程度納得操作イマイチプレイリスト簡単できる評価良い通信途切れするいちいちログインなん勝手取りなくなっするなんとかし,
27,28,成瀬昶,2019年3月15日,1,今日20190313新しくMusicstore購入DLLISMOリスト更新DL確認変わらMusicstoreダウンロード聴くうたパス思え仕方auスマパス更新買っ確認出来入れ直し被っ削除表示れるスマホストレージ音楽アクセス消せMusicstore購入DLLISMO聴いSDカード入れうたパス改めてDL聴けなっそれアプリSD移動出来手間...全文表示今日20190313新しくMusicstore購入DLLISMOリスト更新DL確認変わらMusicstoreダウンロード聴くうたパス思え仕方auスマパス更新買っ確認出来入れ直し被っ削除表示れるスマホストレージ音楽アクセス消せMusicstore購入DLLISMO聴いSDカード入れうたパス改めてDL聴けなっそれアプリSD移動出来手間容量取る通信上がる無駄auMusicstore古い削除LISMO入りゴミせよするうたパス自体酷いユーザー舐め追記更新ダウンロード試しどれDL最初入れ50どこ行っ消え上限ある最初教え通信本当に無駄,
28,29,Googleユーザー,2019年2月25日,1,こいつリスモプレイヤー使っアプ承諾なし削除なに考え悪質悪辣最低最悪企業あり対応これ料金高い云々正直良かっお前これ考え改める殿様商売やっこっち考えあるKDDIwifiつながらずーっとネット経由くだらない情報ロードそん肝心プレイヤー使えなんクソアプリ戦慄,
29,30,ゆ。,2019年3月3日,5,好きアーティスト聴ける気分変えれるジャンルある楽しみ出来る324シャッフル再生スキップ出来る好き音楽飛ばせる楽しめる,
30,31,みる,2019年4月18日,1,アップデートLISMO使えうたパスなっ皆さん意見ただただ使いLISMO戻し正直評価,
31,32,戌丸Q,2019年2月25日,1,購入LISMO反映なっすぎる...どこダウンロードうたパス聴け仕様なっこっち払っダウンロードする場所指定せろバカ,
32,33,black ranger,2019年4月26日,4,歌詞表示できる気に入っ理由白い背景背景設定出来いい思っ起動プレイリスト始め表示する設定出来いい思い,
33,34,Hakodori,2019年3月16日,1,LISMOウィジェットタップ再生できアプリ開か再生できアプリ開く使わ聴き通信するSDカード入っ音楽認識ある,
34,35,菅原リサ,2019年3月19日,1,惜しい評価シャッフル再生嫌い聴き使いなんで課金楽曲シャッフル再生でき嫌がらせガラケー時代LISMO使っ技術ない統合する,
35,36,Googleユーザー,2019年3月16日,1,繰り返しリピート再生出来LISMO良かっAndroidバージョンなっLISMO使えなり仕方うたパス使っリピート再生出来最悪仕様改善,
36,37,渡邊和子,2019年2月22日,1,最低!!問題なく聴くでき半分聴けなっ打撃勝手いじら説明不十分思いシンプル仕様でき,
37,38,安達貴子,2019年2月15日,3,音楽よく聞く助かりスリープタイマーあるウェイクアップタイマーない残念好き音楽出目覚める気分上がる,
38,39,林健司,2019年3月4日,3,新しい古い幅広くあっ楽しめシャッフル再生再生聴き再生でき通信多く外出聴け,
39,40,ラスくん,2019年3月22日,1,うたパスフリーズプレーヤー起動時間掛かり再生専用アプリLISMO残し早くなんとかしろ,
40,41,古志利王,2019年4月28日,1,なんでマイうた全部消える毎回いちいちダウンロードせる鬱陶しいやめ貰え,
41,42,むむむむきち,2019年3月8日,1,アプ様子見使っやはりただただ使い使うやめLISMO使え,
42,43,Googleユーザー,2019年2月28日,1,重い落ちる直接CD買っ自分スマホ入れいいマジ買っ返し最低,
43,44,Salily S,2019年3月30日,1,一度開くアプリ閉じメール検索操作途中強制起動かなり設定強制終了起動電源オフ変わらアンインストールAndroid,
44,45,ツバキんぐ,2019年4月28日,1,lismoアップデート無くなっものすごく使いなっまじ戻し...,
45,46,高槻七海,2019年3月15日,1,更新更新瞬間再生なっ殆どタップ流れいらアップデート寄越す状態戻しがれユーザー舐め,
46,47,宇治さん。,2019年3月18日,2,LISMO新しく意味わから使いなっプレイリスト消え,
47,48,わんたった,2019年4月27日,1,アンストアプリ残っ,
48,49,Fメロン,2019年2月22日,2,LISMO使いマイリスト見づらくなっ不明エラー,
49,50,美能孝行,2019年3月12日,3,アルバム曲名読み方登録それ名前反映不具合かなり継続技術改善でき諦め使いあり,
50,51,目黒英幸,2019年3月17日,4,欲しいないある大人事情出来ある思う今後スタッフ希望頑張っ,
51,52,Tゆうき,2019年4月24日,1,表示れるオンエア要ら消せる,
52,53,Googleユーザー,2019年3月14日,1,LISMOクズアプリ動作切り換えいちいち起動するイラ倍増通常再生毎回シャッフルなる一覧毎回名前なるイラつく,
53,54,Googleユーザー,2019年3月21日,1,使わアンインストール勝手更新する,
54,55,Kawanami Daisuke,2019年2月24日,1,音楽全部消えダウンロード表示LISMO断然使い,
55,56,せがれ,2019年4月28日,1,使い携帯変えLISMOプレイヤー消えアップデート消え,
56,57,Suzu,2019年4月15日,1,LISMOプレイヤー使い‥…(´`),
57,58,Googleユーザー,2019年3月12日,3,歌詞表示一番歌詞表示必要歌詞見え,
58,59,nami hotta,2019年4月21日,3,音楽あり聴きあるいいつか,
59,60,Tom yan,2019年3月16日,3,使用特に不満感じ可能LISMOプレイヤー直接飛べる,
60,61,Fyu Anz,2019年3月13日,3,選曲良いもっと増えれ嬉しい,
61,62,汐華初流乃,2019年5月3日,3,アプリ内蔵やつ仕方使っ,
62,63,Googleユーザー,2019年3月14日,5,いつも聞い元気もらっ癒される多く作詞作曲方々感謝気持ちわい沢山聴き,
63,64,KAORI.,2019年3月16日,1,最低Myうたプラス試し無料引か登録ポチッなんと有料普通課金日割計算請求メールモチロンその他Myうた機能試し利用ない,
64,65,Googleユーザー,2019年3月13日,3,ハロプロ聞きサブスク増える期待PINKCRES中島聴きない片手落ちそれさておき音質イコライザー良く低温増幅できclearbassダメ125250hz無理230hz構いアップデート変更出来うたパス悪いAWAいいイコライザーチョイスよろしくお願い,
65,66,安藤隆司,2019年4月27日,4,ライブラリー選ん反映ある改善,
66,67,久保龍希,2019年3月21日,4,いい今日開い聞こ全部無くなっ再生できなるいい,
67,68,YUJI K.,2019年5月2日,5,使い思う聞く良く使い,
68,69,Rie Saito,2019年2月23日,3,Myうた保存登録日時固定できる,
69,70,三島望,2019年3月20日,5,良い良いアプリ思い,
70,71,Googleユーザー,2019年3月24日,4,使い方コツつかむ快適CD録音Myうたプレイリスト組める嬉しい,
71,72,アッキー,2019年4月8日,3,純粋購入聞き操作こしわかりLISMOストア使用アプリ聞い歌詞なく不便,
72,73,矢島香,2019年4月11日,5,月額もったいないなるない使い込ん家事寝る無心便利,
73,74,山中治代,2019年4月5日,4,古いロックあっすごくはまっもっとある,
74,75,浦田宏美,2019年3月13日,5,最新音楽懐かしいあり聞き好ききける嬉しい,
75,76,霧島しま,2019年4月5日,1,LISMO戻しお願いLISMOプレイヤー戻し本当に使い,
76,77,mono,2019年4月27日,4,気分音楽聴く自分使いなり,
77,78,zero kuro,2019年3月9日,1,機能ゃっふる再生ない好き聞き時代合わ,
78,79,マジブリンブリン,2019年5月4日,2,検索ありリクエストなく配信やつ垂れ流し,
79,80,Googleユーザー,2019年4月1日,1,繋がる繋がらある最近繋がら多い,
80,81,Googleユーザー,2019年3月15日,5,懐かしい聴けるスキップ制限なくなっ良い,
81,82,Googleユーザー,2019年3月3日,1,めっちゃ最低##,
82,83,shin sasaki,2019年4月13日,4,日本語充実コスパいい歌詞本人聞けるカラオケ練習なる,
83,84,Googleユーザー,2019年3月3日,1,ローカル落とし全部消えそれ改善する無い,
85,86,伊藤照子,2019年4月13日,5,好き聞け還暦こえぁちゃんですがきい,
86,87,ぜっと,2019年4月8日,2,アーティスト検索store検索する出るうたパスなんで意味わから,
87,88,Googleユーザー,2019年4月19日,4,お気に入りアーティストない残念,
88,89,としか,2019年4月11日,1,LISMO良かっライブラリ無くなっ最悪使い,
89,90,Googleユーザー,2019年3月13日,3,ミュージックストアうたパス戻れる,
90,91,chiki 206,2019年4月27日,1,使いする更新ください,
91,92,河原柊弥,2019年4月8日,1,gGrankrazorrtyrtししろわけきい(^.^)chnicallllkllkpklllllllloいっlplR,
92,93,Googleユーザー,2019年3月24日,5,聴きlemonない残念充実,
93,94,関口剛史,2019年4月5日,1,使え使いはやくLISMO戻せ,
94,95,Googleユーザー,2019年3月23日,3,聞き簡単聞ける嬉しい,
95,96,Tari Ruru,2019年4月23日,1,使いリスモ良かっ,
96,97,穣長谷,2019年4月23日,3,使い勝手良く,
97,98,佐藤愛,2019年5月5日,5,金銭ベーシック聴い充分楽しい,
99,100,サウザー,2019年4月27日,2,聞け歌手お金払っなんとかし,
100,101,日向龍華,2019年3月18日,1,聞きタッチ反応悪く再生,
102,103,馬場宏,2019年4月2日,5,使い勝手凄く良い^-^)∠※。.:*:'°☆,
103,104,猫・・なっつ,2019年4月26日,3,LISMOウェジェットなくなっ,
104,105,Daisuke Kato,2019年3月1日,5,ジャンル良い取り出来有難い,
105,106,石原健,2019年3月21日,4,聞きたくさん聞けよい,
106,107,Googleユーザー,2019年3月16日,1,au借り意味ない,
108,109,Takayuki Endo,2019年3月17日,1,更新マイプレイリストダウンロード消えダウンロード必要なっ,
109,110,小坂ヨウジ,2019年2月20日,5,!!。!。!!!、!!!、!,
110,111,Googleユーザー,2019年3月29日,2,それなりあるいいダウンロード全部消えする,
111,112,樋口聖奈,2019年3月16日,2,良かっいじら良かっ,
112,113,Dargelin Tharbo 22,2019年4月22日,5,歌詞表示不満なし,
113,114,Googleユーザー,2019年3月20日,5,むたかまかあむたかまかたあったのでたたたおおおお,
114,115,Googleユーザー,2019年3月26日,5,ドラマ聞けるうれしい,
115,116,前田和哉,2019年4月3日,1,音楽アプリ通信通信制限使えアプリ,
116,117,S S,2019年2月8日,1,プレイリストUXLISMO悪い改善プレイリスト900近い選ぶ1030時間かかりプレイリスト最初10表示すべて見るいちいち選択かなり無駄操作思い普通すべて毎日使っアプリ何卒検討よろしくお願い,
118,119,兎白,2019年4月8日,5,オフライン聞けるよい,
119,120,勝又和博,2019年4月19日,5,いつも楽しんおり,
120,121,徳山佳子,2019年3月16日,3,LISMOマイリスト全部引き継げ残念,
121,122,山口豊,2019年4月27日,4,!??、、、、。九九!、。九九!、九九?、。やゆゃやよな,
122,123,アンタレス1,2019年3月3日,1,LISMOライブラリ無い使い,
123,124,綿貫雄介,2019年2月15日,3,運営音楽戻し機能様々アーティストプレイリストもっと多くせっかく聞きプレイリスト無い保存するない雨宮プレイリスト欲しい,
124,125,井口歩美,2019年3月30日,1,好き聞けうれしい,
125,126,Googleユーザー,2019年2月21日,4,音楽聴けうれしい,
126,127,Googleユーザー,2019年3月13日,2,買い方分かり,
127,128,ベルウッドトーマス,2019年3月26日,1,更新シャッフ再生でき,
128,129,坂田和行,2019年4月8日,5,サーバー読み出すいい,
129,130,武内さん,2019年4月28日,1,LISMOプレイヤー戻し,
130,131,坂本美穂,2019年3月21日,2,使い,
131,132,夢乃楓花,2018年11月25日,2,ぉあのぉ?!きいよろしい?!引き継が一部消え?!プレイリストいちいち登録する面倒あとアプ変更あり意味無いアプれる端末がる止め?!au使っ迷惑º),
132,133,山田直実,2019年1月12日,3,月額聴きサービス安い少なく致命使い検索前方一致検索結果プレイリスト複数楽曲一覧表示状態楽曲情報楽曲情報収録アルバム情報アルバム収録楽曲リストアクセス感覚でき楽曲売りチャンスロスなる,
133,134,さとうゆい,2019年1月9日,1,ダウンロードLISMO入ら調べうたパス複数ダウンロードたくさんあっしょうが消そ消せ使い勝手悪い戻しあとLISMOショートカットできなっ面倒なっ心底,
134,135,瀬名新太,2018年11月30日,1,変わら再生止める再生出来表示開くビデオプレイリスト消え再生出来以前ライブラリ見つから場合こちら開い閉じ全曲表示プレイリスト追加繰り返し不便アプリない,
135,136,Ryota M,2018年12月16日,1,検索ダメダメ聴きタブ検索有料コンテンツドライブ聞きジャンルアルバム形式多い保存出来プレイリスト作れる保存回数制限あり,
136,137,小澤敏彦,2019年4月23日,5,うたパスなくアプリ,
137,138,小畠繁男,2019年5月1日,4,ファン歌手,
138,139,Kana S,2019年1月5日,2,アップデート配置代えられする困りわかり絶えず不具合対策嬉しい規模配置換えするアプリ出しいただけ,
139,140,Googleユーザー,2019年1月25日,1,Androidヴァージョンアップリスモウイジェット消えうたパスなっうたパスリスモ比べるお粗末最低アプリリスモ復活強く望む,
140,141,菊池東,2019年3月21日,3,たま扱い有り,
141,142,Googleユーザー,2019年3月11日,3,予想使い勝手悪い,
142,143,潮野了,2018年12月23日,1,機種変え機種MusicPlayer対応なりWindowsMediaPlayer入れ音楽聴けそれ以前出来うたパス連携しとら早急改善,
143,144,生田目涼子,2019年4月15日,5,良い歌詞びっくり,
144,145,Googleユーザー,2018年12月16日,4,買う入っ個別買わ聞ける思っ買う楽しいページ移動直感まとめ買い物かご会計システムない面倒,
145,146,。ナック,2018年12月23日,1,使いずらゴミアプリLISMO別れホーム画面ウィジェットボタン流せアプリ入ら聞けゴミ仕様嬉しく思う馬鹿使えなっ止まるほんとめんどくさい,
146,147,Googleユーザー,2019年3月15日,4,多い便利使え,
147,148,Googleユーザー,2019年2月17日,1,アンインストール出来邪魔,
148,149,櫻井聡,2019年1月15日,2,ずっとなっアプリ再生速度微妙ズレプレイヤーなっリスモプレイヤー縮む感覚時折ある,
149,150,梅川洋子,2019年2月14日,4,いつ聴けるいい,
150,151,Googleユーザー,2019年3月11日,2,好き音楽きか,
151,152,Googleユーザー,2019年3月21日,1,ファイルマネージャー確認できるライブラリ表示よくある,
153,154,Yayoi Hatano,2018年12月12日,1,使え一つやりlive良い迷惑掛けたっふざけアンインストールする使わ,
154,155,Googleユーザー,2019年3月15日,5,使い,
155,156,まついたくま,2019年2月18日,4,大好きバンド検索残念気軽楽しめる思い,
156,157,赤坂勇三,2019年3月21日,2,ジャンル分け入っもっと分かり聞け,
157,158,Googleユーザー,2019年3月26日,1,歌手名前選ぶ分かり,
158,159,Googleユーザー,2019年3月13日,4,よいmy変えられれもっと良くなる思う,
159,160,もみ,2019年3月14日,1,いつの間にか全部消え,
160,161,長野信悟,2019年3月16日,4,いつもダウンロード音楽楽しみ運動,
161,162,lily,2019年3月21日,5,画面BGM聞ける良い,
162,163,高田忠幸,2019年4月30日,3,いまいち使い,
163,164,Googleユーザー,2018年12月14日,1,ログインアプリ詳細アプリ開く繰り返し進ま感じ,
164,165,Googleユーザー,2019年4月1日,4,聞き探せる楽しめ,
165,166,Googleユーザー,2019年3月26日,4,何時も楽しく聴い,
168,169,あゆゆみぃる,2019年2月23日,1,LISMOないどこある,
169,170,ーアオロー,2019年2月16日,1,テキトー聞き払う騙さ全曲聴ける,
170,171,Yousuke Morita,2019年1月28日,1,LISMO戻しうたパスアンインストール致し戻りインストール,
171,172,Tomotaka Yamamoto,2018年12月3日,2,お気に入り入れ何故か翌日無かっなる更新すれプレイリスト名前残っファイル出来上がりふざけ思えちゃんと動作世の中出せ,
173,174,水野清和,2019年4月2日,5,音楽聞ける,
174,175,まき,2018年11月29日,2,バックグラウンド再生できスマホホーム画面戻っアプリ落ちる!!これ意味ないアプデよく落ちる何とか!!,
175,176,勝浦恵,2019年4月25日,5,好き楽しみ使っ,
176,177,及川勝,2019年1月23日,2,プレミアムプラン月額500保存聞きタイミング聞け10保存でき,
177,178,立木美代子,2019年4月6日,4,好き好き聴ける,
178,179,山崎雅弘,2019年4月23日,5,うたパスポイント使っ買える最高,
179,180,Googleユーザー,2019年3月27日,5,ジャンル豊富便利,
180,181,Googleユーザー,2019年3月13日,3,NEWSKingPrinceジャニーズ増やし,
181,182,vioretfizz0815,2018年12月23日,1,使いダウンロード検索でき次に再生できなっつも,
182,183,池田Ryuko,2019年1月8日,2,半年うたパス毎月無料ダウンロード機能,
183,184,Googleユーザー,2018年12月4日,1,良かっバッググラウンド再生できいちいちアプリ開か操作でき不便あとサムネ小さわかり良かっあとトラック自動いく切れる,
184,185,中尾洋一,2019年3月13日,1,仕方使っ,
185,186,島尻順子,2019年2月2日,5,レコチョク取っ失くなっアンインストール久しぶり開いうたパスあり最初30無料あっ迷い試し思っ登録取り聞き取り,
186,187,望高瀬,2018年12月23日,1,タップ再生次に再生無くなっLISMO戻し,
187,188,Googleユーザー,2019年1月20日,1,別々無理やりお金払わせよする下心丸見え使いこれひど,
188,189,Michio Suzuki,2018年12月9日,1,プレイヤー立ちコレ経由むおえずインストール,
189,190,鷹野夏生,2019年2月6日,4,アーティストスペース入っ歌詞検索うまく紐付けさあり,
190,191,Googleユーザー,2019年3月19日,3,使い,
191,192,美裕,2019年1月5日,3,歌詞設定開い歌詞消えある設定面倒,
192,193,chie isii,2019年2月3日,5,メジャー新曲ニッチジャンルアーティスト揃っ!!アルバム買う安い本体容量機種変更データ移行助かり,
193,194,Googleユーザー,2019年3月13日,5,単純いいおすすめ,
195,196,袖山江利香,2019年4月9日,5,いつも利用,
196,197,平次服部,2019年1月9日,4,文句言いカバー分けカバー買い検索候補手間増える,
197,198,Daddy desuyo,2019年3月19日,5,毎日退勤使っ有り難い,
199,200,Y I,2019年1月20日,1,聴い途中アプリ落ち立ち続き聴け,
200,201,Googleユーザー,2019年3月17日,5,通勤聴いいい感じ,
201,202,しらねしょうじ,2019年4月7日,5,楽しく過ごし,
202,203,家永由里子,2019年4月10日,5,いつも利用,
203,204,Googleユーザー,2019年2月8日,1,以前使い不具合どこなおっLISMO戻し,
204,205,和田正一,2019年2月13日,5,タブレット問題サクサク動き素晴らしい思いアプリ機能!♯スマホ機種問題あり確認!?,
205,206,Googleユーザー,2019年1月4日,1,ずっとauユーザー以前購入楽曲消えアプリ都合ダウンロード出来おかしい思う,
206,207,Googleユーザー,2019年2月21日,5,使い良い思い,
207,208,坪田清志,2019年4月3日,4,通勤聴ける,
208,209,眞也大平,2018年12月4日,1,聴い途中止まる強制終了する止まる辞め,
209,210,吉田まなみ,2019年4月10日,3,聴きアーティスト少ない,
210,211,Googleユーザー,2019年1月31日,1,LISMO断然良かっゴミ使う渡るばいばい,
211,212,Googleユーザー,2019年3月13日,4,CCお願い気にいっ,
212,213,Googleユーザー,2019年3月18日,4,好き探し,
213,214,小武海英次,2019年4月20日,5,おれ好き一杯ある大好き,
214,215,M Ken,2018年12月2日,2,音楽自体色々聴け最近聴い止まる原因よくわから改善,
217,218,青木小百合,2019年3月13日,1,単純使い,
220,221,Akiko SUZUKI,2019年3月13日,4,いつも活用,
221,222,江頭真規子,2019年4月10日,4,友達共有,
222,223,愛山内,2018年11月22日,1,セットリストダウンロード不都合使い,
223,224,金Tete & YonTan & Non Tan,2019年4月10日,1,使い方分から,
224,225,Googleユーザー,2018年12月17日,3,LISMOライブラリーギャップレス再生モード入れ,
225,226,Googleユーザー,2019年3月13日,3,使い辛い,
226,227,あああああ,2019年1月16日,1,以前LISMO比べる遥かに劣る改善LISMO復活,
227,228,Over Sia H.R,2018年11月27日,1,リスモ機能ついてアプ消え愛用評価ださがり,
228,229,津川 公明,2019年4月23日,4,結婚式mnみっにんkmkmいんmj,
229,230,藤澤博明,2019年4月23日,5,藤澤最高思い,
230,231,泉孝吉,2018年11月25日,2,メジャー好き良いインディーズBAND少なコア音楽好き不向き全て聴き無い,
232,233,桜木花恋,2019年4月27日,4,安く,
235,236,Googleユーザー,2019年4月2日,1,フルバージョンきけ試聴でき,
236,237,chika S,2018年12月18日,2,再生通知バーロック画面ボタン非常不便Bluetoothイヤホンスキップアプリ反応遅い,
237,238,Googleユーザー,2019年1月8日,5,使える｀)ダネダネ♪‌‌,
238,239,坂本眞弓,2019年1月1日,4,流行ったくさんあるいい全体気に入っ,
241,242,Googleユーザー,2019年3月4日,4,聴き良い,
242,243,Googleユーザー,2019年3月13日,5,保存なる,
243,244,ハーモニークリスタル,2018年12月19日,1,楽曲タップ再生出来なっ,
244,245,三浦宏真,2019年4月22日,2,いっあて,
246,247,岡田さおり,2019年4月15日,1,つかいなっ,
249,250,平尾昌三,2019年3月11日,2,よくわから,
250,251,Googleユーザー,2019年3月26日,1,更新再生出来,
251,252,Googleユーザー,2019年1月9日,5,流行いち早く解り,
252,253,Googleユーザー,2019年2月13日,4,音楽好きいいアプリ,
253,254,Googleユーザー,2019年2月6日,2,画面音楽聞ける,
254,255,Googleユーザー,2019年2月11日,3,購入楽曲ダウンロードする90短くでき,
255,256,中村侑未,2018年11月22日,3,カラオケ機能なくなっ非常残念変えよ検討,
256,257,橋口伸司,2019年3月15日,5,いつも楽しく使わ,
257,258,丸林貴行,2019年3月20日,5,良かっ,
258,259,サールーサー,2019年1月17日,1,アンインストール出来困っ,
259,260,Googleユーザー,2019年1月28日,4,シーン合わせ選曲できる自分進ん選ば聴い感じるあるよく使っ,
260,261,Tathuya Shimizu,2019年1月7日,2,プレイリスト作り直し消える,
261,262,新垣亮,2019年3月30日,5,使い安く素晴らし,
263,264,Googleユーザー,2019年2月8日,1,うたパス再生出来時間電池無駄返せ,
264,265,小野満司,2019年4月13日,5,探し,
265,266,Googleユーザー,2018年11月28日,1,毎回毎回アップデート使いなる勘弁,
266,267,かめさんりゅう,2019年2月6日,5,いつもどこスマ使えるお気に入り聞い,
267,268,ササキヒデアキ,2019年4月4日,3,たまに利用,
268,269,soma mitsuyuki,2019年2月21日,2,なる,
269,270,Antonio Tonio,2019年3月13日,5,物凄く良い,
271,272,Blue Screen,2018年11月24日,1,要らアプリ削除出来,
272,273,Googleユーザー,2019年1月7日,1,ダメダダメタッチタッチ余っ余っマジシャンマジシャンマジシャンマギたまマジシャンマジシャンマジシャンマジシャンーク,
273,274,Googleユーザー,2019年3月14日,5,毎晩満足使っ,
274,275,PADI PADI,2019年3月13日,3,よくわから,
275,276,non koro,2019年2月23日,5,なる聴け嬉しい,
277,278,Googleユーザー,2018年12月23日,1,アップデート使いなっ,
278,279,Googleユーザー,2019年2月9日,4,おすすめプレイリスト届く好み探し,
280,281,bunya,2019年3月21日,4,大分使いなっ,
282,283,菅沼博実,2019年4月16日,4,いい感じ,
283,284,一條州子,2018年11月30日,3,音楽再生できなる改善音楽聴け,
285,286,Googleユーザー,2019年3月14日,5,大変重宝,
286,287,鈴木薫,2019年2月23日,3,聞き少ない,
287,288,Googleユーザー,2018年11月30日,5,アプリ出し音楽聞けすれうまくいくペガサス,
289,290,Googleユーザー,2019年2月22日,1,ない,
290,291,Googleユーザー,2018年12月12日,2,ちょうど良い見れなっ聞けなっ残念,
291,292,高原環,2019年3月15日,3,いい感じ,
292,293,豊山雄司,2019年3月13日,3,楽しん,
293,294,伊豆丸善之,2019年5月4日,4,良い思う,
294,295,Googleユーザー,2019年2月9日,4,好きアーティスト,
295,296,小泉誠浩,2019年3月19日,3,大変聴き,
297,298,渡邊竜聖,2019年1月27日,1,お金とる少ないbacknumber米津聞き聞け,
298,299,高橋孝幸,2019年4月9日,1,アンインストールでき,
299,300,Googleユーザー,2018年11月30日,3,直接曲名検索できる,
300,301,Googleユーザー,2018年12月11日,1,広告使い物なら,
301,302,行徳真理,2019年3月23日,5,よかっ,
303,304,横山訓,2019年3月15日,2,ダウンロードでき,
304,305,Googleユーザー,2019年1月7日,1,普通LISMOプレイヤー使い,
305,306,小野和也,2019年1月16日,2,以前使いなっ,
306,307,tough ZZZ,2019年1月6日,1,フル聞けなっ,
307,308,佐藤ゆま,2019年4月15日,4,まあ良い,
308,309,西尾吉雄,2019年3月2日,5,いいおもい,
309,310,Googleユーザー,2018年12月5日,4,使い分から,
310,311,舘川輝昭,2019年2月8日,3,好み選曲,
311,312,Googleユーザー,2019年1月11日,2,運営リスト聞き選択,
312,313,孝徳浦野,2019年4月15日,1,リスモ嫌い,
313,314,Googleユーザー,2019年2月14日,1,画面よい,
314,315,濱田紀子,2018年12月17日,5,家事たのしん,
315,316,上間麻衣子,2019年4月23日,4,さく←」←」←」」」」」←^＼^＼＼＼,
316,317,飛内梓,2019年4月7日,4,せれ,
317,318,Googleユーザー,2018年12月14日,5,使え,
318,319,Googleユーザー,2019年1月6日,4,好き音楽聴ける良い,
320,321,Googleユーザー,2019年1月9日,3,いつも楽しみ聞い,
321,322,若本昌平,2019年4月18日,5,磐梯山(￣▽￣田沼;)何で優しく,
323,324,平野正雄,2019年4月16日,5,楽しく聴か,
324,325,1248 aimo,2019年4月15日,1,以前購入忘れもう取っ課金られ購入ダウンロードすもう購入?』親切案内不親切使い100高くただぼっくりレベル不信不満ある無駄通知早急対応通知停止お願いあとdocomo調子乗っサービス対応態度悪くなっ20au名前変わるIDOau使っそれauなっここ金儲け主義なりサービス対応)...全文表示以前購入忘れもう取っ課金られ購入ダウンロードすもう購入?』親切案内不親切使い100高くただぼっくりレベル不信不満ある無駄通知早急対応通知停止お願いあとdocomo調子乗っサービス対応態度悪くなっ20au名前変わるIDOau使っそれauなっここ金儲け主義なりサービス対応落ちau不満MNP予定かなり大人見た目童顔態度悪い店員余計au不満,
325,326,正廣大平,2019年3月19日,4,仲間いい,
326,327,伊藤幸宏,2018年11月9日,1,皆さんおっしゃる通りせっかくマイリスト消え購入楽曲消えしようが購入しよ,
327,328,押川清香,2018年11月12日,2,LISMO統合仕方使っ本当に使い楽曲購入画面プレーヤー同居画面見にくいウィジェット操作悪いLISMOプレーヤー作ら仕様OK出し音楽スマ聞か思いLISMOプレーヤー使える思っするアプリ,
328,329,秋月翡翠,2019年4月21日,1,なんで使い筆頭うたパス主体LISMOとうたパス分けユーザ自由選択でき逆だっよかっLISMOアップデート長年これ細かく作っプレイリスト全て消滅詳しく確認プレイリスト画面開こする問題起き終了強制終了楽曲再生ままなり15データ全部最初作り直しもうある全曲リストひとつひとつLISMOLISMO返しシンプル使い...全文表示使い筆頭うたパス主体LISMOとうたパス分けユーザ自由選択でき逆だっよかっLISMOアップデート長年これ細かく作っプレイリスト全て消滅詳しく確認プレイリスト画面開こする問題起き終了強制終了楽曲再生ままなり15データ全部最初作り直しもうある全曲リストひとつひとつLISMOLISMO返しシンプル使い長年ずっと重宝LISMO返し,
329,330,BABA QUALITY,2018年11月17日,2,au使っ音楽ダウンロードアプリいく仕方使っ使い勝手凄く悪い楽曲何故か入る場合ある削除出来削除ボタン上下移動カーソル近い間違っ移動非常使いストレスたまり,
330,331,Ma Ni,2018年11月17日,2,機種LISMO変わっ使いアプリ悪いわかり入れ名前文字化けなっうまく入っバックアッププレイリストちゃんと復元でき悪いLISMO出来手間せめてショートカットなん作ら,
331,332,Googleユーザー,2019年3月26日,1,新曲遅い,
332,333,光男橋本,2019年4月13日,5,自分聴くいい,
333,334,Googleユーザー,2019年1月20日,5,ランニングソングあっ,
334,335,Googleユーザー,2018年12月26日,5,いい感じ(*^ーﾟクッﾞ,
336,337,抹茶,2018年12月15日,1,LIVE映像見よ思っ見れる映像見れ見れ沢山見るもっとサーバー改善無料配信そこでき思う一大イベント映像ちゃんと最初最後見れるもうLIVE今年終わっアンインストールもう二度とインストール,
337,338,TO Ｍｉ,2018年11月21日,2,ライブラリー自分SD聞いアルバム再生設定勝手ランダムなっ順番再生出来設定変える分から以前リスモ使い易かっ,
338,339,Googleユーザー,2018年12月15日,1,言いただクソアプリMAMALIVE入れ繋がら10画像繋がっいい真っ暗なっタブレットいれ試しそちら時間無駄アプリ使い,
339,340,ミニミキ,2018年11月12日,2,去年アルバム全曲ダウンロード全曲無くなっ問い合わせ購入返っお金出しダウンロード,
340,341,渡辺雄大,2018年12月24日,1,クォーテーションFGTXIAしたお,
341,342,Googleユーザー,2018年12月2日,5,音楽聴ける最高,
342,343,Y-ma,2019年3月30日,1,LISMOSDカード本体ストレージ移動最近購入楽曲なくなり機種換えする集め非常困りふざけ集め大事,
343,344,かぁおドワモエ,2018年11月25日,3,買っダウンロード仕方わから,
344,345,Googleユーザー,2018年12月3日,5,大変気にいっ,
346,347,Googleユーザー,2019年1月24日,5,いつも楽しく聞か,
347,348,Googleユーザー,2018年11月17日,4,援隊声援歌詞何で出来無い調べ付いリクエスト貰え無けれひとつ下げ,
348,349,勝利竹山,2019年2月2日,3,歌詞変化あっカラオケ覚える参考きちんと合わせ変わる意味,
349,350,Googleユーザー,2018年12月12日,5,登録手続き簡単いい,
350,351,aya honda,2018年11月29日,1,要ら機能充実する更新更新本当にただギガ泥棒通信制限本当にする結局オフラインプレイヤー入れ無い不便うたぱすやめようと思う,
351,352,筒井達也,2018年11月20日,1,プレイヤーLISMO開けなりガラケー時代とり貯めほぼ聞けなっ最低ある改悪するさわん,
352,353,Googleユーザー,2018年10月8日,2,プレイヤー最低限ギャップレス再生アルバム表示種類指定出来る歌詞出せる必要最低限機能ない残念LISMO知っ憤り感じプレイヤー優秀利用増える思い,
353,354,深琴,2018年11月26日,2,ずっとau使っうたパスなっ使いなっ思うこれスマ機種変え,
354,355,Googleユーザー,2019年3月20日,3,使い思い,
355,356,Googleユーザー,2018年11月12日,1,歌詞検索多い最近20登録40登録残念,
356,357,泉卓哉,2018年12月23日,5,好き聞き聞く出来る好きアーティスト歌い手聞ける良い失礼,
358,359,土田美穂,2019年1月4日,5,楽しま,
359,360,hyne zero,2018年11月4日,1,インストール更新開く選択出来使わアンインストールできゴミ使わ必要ないゴミ害悪捨てるでき放射能廃棄厄介使え迷惑極まりない開発簡単レビュー本来一つつけ無用長物,
360,361,坂本博昭,2018年12月25日,5,初めてよく分かり,
361,362,ゆた,2018年9月14日,1,アーティスト大文字小文字識別するストア購入楽曲リスト大変気持ち悪いLISMOプレイヤー使い勝手よかっ残念,
362,363,Googleユーザー,2018年11月9日,1,SDカード楽曲反映スマートフォン動画表示する方法ないLISMO比べ使い勝手今後使お思え,
363,364,Googleユーザー,2019年3月30日,1,以前LISMO購入うたパス入ら聴け入っいらメール来るめんどくさい聴け退会!!!,
364,365,shinocchi A,2018年11月4日,3,ラジオ機能追加使っバナー場合最新バージョンアップデートしろ言うGoogleplay来る最新アップデートないいうすれいい???,
365,366,mmo NAGA,2018年9月28日,1,LISMO時代格段使い戻す分離ユーザー求めシンプル使い便利良い機能盛り込み落ち不便なる本末転倒,
366,367,Googleユーザー,2018年9月22日,2,試し好きアーティスト検索目当て見つから男性アーティスト検索女性アーティスト含めヒットするジャンルPOP検索洋楽ジャズ一緒ヒットする検索機能意味ある感じ載せるない人気ない,
367,368,三島慧菜,2018年11月1日,1,10下旬プレイリスト消え以前同様あり対象遅かっプレイリスト作成するなる手間利用控えさせ,
368,369,ZEN Gemini,2018年10月21日,3,アプリMusicStoreアプリ別々なっ意味分からau云う多いMusicPlayer使い,
370,371,masahiko yamada,2018年11月18日,1,うたぱすリスモ時代不具合なかっアップデート多分)、ブチブチノイズ入るなっ削除,
371,372,伊藤裕貴,2018年11月26日,1,使いすぎる,
372,373,阿部京子,2019年3月21日,1,LISMO返しずーっと使っ使い勝手悪い消し良かっ,
373,374,Googleユーザー,2018年10月16日,3,アップデートSNS通知来る止まっなり今回アップデート変わる思いアップデート変わら止まるアプリ開きかける大変改善お願い書いレビュー改善,
375,376,yuki ・,2018年11月4日,1,MAMA投票するパスコード入力弾かtwitter検索正確入力かかわら弾か沢山いるなっ,
376,377,牛田阿沙栄,2018年9月23日,4,指定覚えないプレイリスト勝手再生タップ再生不具合修正お願いあと再生履歴消し出来良い,
377,378,Googleユーザー,2018年10月1日,2,ダウンロード仕方あり混乱するごちゃごちゃ全体見づらく仕方通信速度落ち使えダウンロードする使え,
378,379,Googleユーザー,2018年11月2日,3,せっかく作っプレイリスト消え購入楽曲ダウンロード出来再生出来する出来れプレイリスト元通り,
379,380,ぺぺ,2018年11月15日,1,投票する試しプラン加入せる横暴会社透け見えるクソアプリ,
380,381,Googleユーザー,2019年4月1日,3,有名入っあるユーザー望ん定期アンケートするリクエスト受け付け,
381,382,ディルGJ部見習い,2018年9月13日,1,LISMOつけGALAXY使っデフォルトタスクキラー引っ掛かっ再生画面消える音楽アプリ消えうたパス問題思う,
382,383,Googleユーザー,2018年10月28日,2,マイプレイリスト消え不具合非常困りアプリ使用事態??,
383,384,月うさぎしゃん,2018年9月20日,5,好きアーティスト聴きある好き一部アーティスト聞き少ない!!増やし,
384,385,Googleユーザー,2018年11月9日,2,音楽聴い止まっ流れなっ終わっ行か,
385,386,ゆきの,2018年11月12日,4,よくマイミュージックとまる修正仕方わからお手上げ状態,
386,387,坂田光浩,2018年12月4日,3,面白かっ,
387,388,かわのなみ,2019年3月26日,5,上手く取れる,
388,389,ゆり子川邉,2018年10月6日,4,使いづつ良くなっ実感シャッフル再生順番再生切り替えわから...いつも飽き,
389,390,Hitomi Sasamoto,2018年11月11日,4,いつの間にかお気に入り消え聴き付け再生お気に入り外さ,
390,391,長沢剛志,2018年10月5日,1,読み込む時間かかる思う遅いアップデートアップデート騒ぐ割り改善ウンザリする,
391,392,Googleユーザー,2018年10月16日,2,ビデオ再生できうたうた設定なり,
392,393,遠田豊和,2019年4月20日,1,なにやっウィジェットmusicLISMO!)再生出来る重たいうたパスアプリ無効してやっ,
393,394,Googleユーザー,2019年2月10日,1,LISMO戻し,
394,395,月上月下,2018年11月4日,1,うたパスアンインストールLISMO残す方法教え使い勝手悪く本当に困っお願い,
395,396,小暮ヨシエ,2018年9月18日,1,勝手立ち上がっざったバッテリー喰う要らアンインストールできざった,
396,397,Googleユーザー,2019年3月20日,5,音楽好き,
397,398,田中浩司,2019年1月18日,1,アップデード出来,
398,399,大久保美香,2018年12月18日,2,使い壊れる欲しい無い,
399,400,C Yachi,2018年11月1日,3,リスモ使っ保存消す詐欺音楽携帯会社変え四半世紀1210120あり,
400,401,大建悠樹,2018年10月6日,4,ホーム押しスマ消しする音楽止まっそれなけれ満足,
401,402,jamboo姉ちゃん,2018年9月25日,3,本人歌っ歌い手別人表記不自然ない懐かしい完璧記憶違和感感じ仕方ない,
402,403,西條彩都,2019年2月4日,3,リピートでき,
403,404,Hiromi Nakamura,2018年10月6日,2,複数保存れる事態繰り返さ使い勝手悪い音楽多様好み,
404,405,Sフリケイド,2018年10月3日,4,音質良いマニアック増え,
405,406,さすらいの哨戒天狗,2018年10月27日,1,適当組まプレイリスト上限60保存スペースフル再生でき,
406,407,三出井,2018年9月26日,1,削除更新通知ゾンビ押し寄せるスパム迷惑メールレベル,
407,408,Harujio 1299,2018年11月7日,2,消えプレイリスト消え連続再生出来なっ最悪早急改善お願い,
408,409,とよ子峯尾,2018年11月24日,5,使っ,
409,410,Googleユーザー,2019年3月30日,4,良い思い,
410,411,蘇露tanaka,2019年2月2日,3,聞きでき安く買えるいい聞きできる思っ少ない残念,
411,412,ねぎみそ,2018年9月29日,1,携帯ある音楽選択流れるとにかく遅いなんとかし,
412,413,手嶋愛,2018年11月10日,1,MAMA投票うたパス早くなおし,
413,414,Googleユーザー,2018年11月20日,3,短い思い聞きもっと長い,
415,416,Googleユーザー,2019年1月27日,5,音楽青春,
416,417,神谷基,2019年1月18日,3,良く悪くない気分転換,
417,418,棗飛鳥,2018年10月2日,2,LISMOダウンロード聴けなり改善お願い,
418,419,katchan slump,2019年4月12日,1,以前レビュー消えプレイリスト飽きなかっ,
419,420,Googleユーザー,2018年9月30日,2,再生途中切れ飛ぶどうにかあといい思うカラオケ楽しい,
420,421,菊池太一,2019年3月2日,1,聞け起動遅い聞きDLアンインストールする,
421,422,Googleユーザー,2019年1月2日,1,いくこ,
423,424,下田徳子,2018年10月9日,2,流れ終わる流れあり,
424,425,Kanae Sato,2018年10月13日,1,アプリ起動DLしよする直ぐにアプリ落ちるどうにか,
425,426,Googleユーザー,2018年10月10日,4,プレイリスト無いアーティスト居るプレイリストもっと増やし,
427,428,宇佐美佳子,2018年12月3日,5,通勤楽しくなり,
428,429,Googleユーザー,2019年1月29日,4,よかっ,
429,430,Kouji Nakagawa,2018年9月28日,1,うたパス使いLISMO継続提供,
431,432,のっつぉこぎ,2019年3月8日,1,いつの間にか聞けなっ中古買うCD安い,
433,434,ベーカリードレミ,2018年9月17日,1,最悪うたパス要ら戻せ,
434,435,しげ,2018年12月27日,1,米津ない,
435,436,山尾妙子,2019年3月15日,5,津軽快挙景色,
436,437,Googleユーザー,2018年11月12日,1,検索やつてこない正直アプリ使わ早くアンスト,
437,438,おばけちゃん,2018年11月6日,1,ラジオ聴きやっダメ,
438,439,Satoko Takagi,2018年11月19日,4,Bluetooth使っ聴い快適,
439,440,ミルク,2018年9月23日,4,再生電話かかっはじめなる直し,
440,441,Googleユーザー,2019年1月7日,3,楽しめ歌手少ない,
441,442,t h,2018年9月30日,1,ごみデフォルト入っ使わしいらない,
442,443,浅見正幸,2018年10月11日,2,とにかく使いLISMO使い,
443,444,mahiro,2018年11月6日,1,うたコイン当たらなっアンインストール,
444,445,なひとこなつ,2019年1月21日,5,使い,
447,448,Googleユーザー,2019年5月1日,1,最低アプリ以前Lismo戻し,
448,449,谷直樹,2018年9月16日,1,Bluetooth音楽流そする勝手こいつ起動する迷惑悪質,
449,450,Googleユーザー,2019年2月2日,5,とっても便利いい共有,
450,451,Googleユーザー,2018年10月5日,5,初めてアプリいずれ使っ思い,
451,452,ikesy,2018年9月26日,1,Bluetoothイヤホン使う勝手起動するどうにか,
452,453,ゆゆゆゆ,2019年1月8日,5,パロマささ,
453,454,Googleユーザー,2019年1月19日,5,日本語,
454,455,冨田須美子,2019年4月19日,1,使わユーチューブ,
455,456,かめだけいこ,2018年10月26日,1,使わ良いアプリ消そ思っ消せ,
456,457,異世界系好きなやつ,2018年10月9日,5,自分オススメプレイリスト作っ,
457,458,ヒロユキフルタ,2018年10月2日,1,伝え言いなに良く分から,
458,459,南山忍,2018年10月27日,5,毎日使っ気分合わせ多彩癒さ,
459,460,センチトンセンチトンワットキロワットキロ,2018年9月12日,1,アンインストールずっと残る,
460,461,Googleユーザー,2018年11月8日,1,使わアンインストール勝手インストールれる邪魔,
461,462,Googleユーザー,2018年9月14日,3,LISMO使い,
462,463,Hiroshi Nanjo,2018年10月24日,5,アーティスト直接入力検索,
464,465,Googleユーザー,2018年9月17日,2,使い改善求む,
466,467,れれぽん,2018年11月1日,4,簡単検索できるあり楽しん,
467,468,Mark Syu,2018年10月25日,1,いらアンインストール,
468,469,Googleユーザー,2018年10月13日,2,強制終了改善よろしくお願い,
469,470,双子座カノン,2019年3月27日,1,LISMO良かっ,
470,471,青田塁,2018年11月21日,5,聞け,
471,472,河野睦美,2018年11月4日,2,mama投票出来(;;),
472,473,Googleユーザー,2018年10月14日,4,音楽アプ使わこれ使っいい,
473,474,黒雪,2018年11月3日,3,マイリスト毎回消えるどうにか,
474,475,Googleユーザー,2018年11月1日,4,アーティスト音楽あり楽しくなる良い,
475,476,さゆおか,2019年4月14日,2,プレイリスト入れ消えLISMO好き,
476,477,おおかわよしお,2019年2月25日,1,アンインストール勝手アプするしつこく悪質,
477,478,私はひろみ,2019年4月23日,2,Bluetooth飛んいら,
478,479,七海,2018年11月4日,2,全て歌詞スクロール,
479,480,na ri,2018年10月31日,3,色々聴ける良い歌詞表示ズレひどい,
480,481,鈴原くもね,2018年11月19日,3,これ分から使っ,
481,482,Googleユーザー,2018年11月3日,4,初めて使っメドレー音楽流れ(^-^)/,
482,483,Googleユーザー,2018年10月31日,5,無料ダウンロード出来る良い,
484,485,maghreb yamada,2018年12月1日,1,勝手ダウンロードする凄い迷惑くだらない,
485,486,電子管,2018年11月3日,5,聴け最高,
486,487,椛†竜菜琴啓,2018年10月28日,1,いら,
487,488,Googleユーザー,2018年10月4日,1,最初インストール不快,
488,489,キャスバル,2018年9月28日,5,変わら使い分かり,
489,490,Googleユーザー,2019年2月28日,1,最低知ら取ら,
490,491,飯野栄二,2018年10月13日,5,楽しく利用,
491,492,鈴木純明,2019年3月30日,5,＼(^_^)/(´(^_^;)＼(^_^)/｀)((((;))),
492,493,新井唯介,2018年9月14日,2,うたパス要らLISMO,
493,494,やまさと,2018年10月1日,1,重くなるいら,
494,495,Googleユーザー,2018年9月14日,1,消し消し復活する,
495,496,曼陀羅,2018年11月12日,1,消え動かなる,
496,497,Googleユーザー,2018年11月8日,4,ランダム再生楽しん,
498,499,Googleユーザー,2018年9月28日,5,^-)♪,
499,500,hoshino chiaki,2018年11月2日,2,MAMA投票DL表示ない??,
500,501,隆稔安井,2019年3月24日,5,いいいいいい,
501,502,Googleユーザー,2018年10月30日,5,良いアプリ音楽楽しい,
502,503,山岸卓也,2018年9月28日,2,ホン付け勝手鳴る,
503,504,駒宮泰春,2019年3月13日,5,ワールドビジョン2019komamiyayasuharu,
504,505,愛璃,2018年10月27日,4,月々値段聴けるいい毎日聞い,
505,506,吉野雅子,2018年10月23日,2,LISMO良かっ,
507,508,松田充,2018年11月23日,1,勝手更新かかるあり,
508,509,Googleユーザー,2018年10月21日,5,とにかく安い,
509,510,Googleユーザー,2018年10月30日,1,ログイン保存聞けクソアプリ,
510,511,Googleユーザー,2019年3月3日,4,もっといいえっいい,
511,512,笹原篝火,2018年11月6日,1,Bluetooth機能なっつかえ,
512,513,末木葵,2018年10月3日,4,気軽聞けBGMちょうど良い,
513,514,Googleユーザー,2018年11月3日,5,聴き音楽あっ最高,
514,515,由美清水,2019年3月31日,5,競馬サウンドやっぱり,
515,516,Googleユーザー,2018年9月26日,5,よろしくお願い,
516,517,コベンハナコ,2018年12月5日,5,難しく選び,
517,518,hajime kuro,2018年10月3日,4,Listenwithおもしろい,
518,519,掛川由香里,2018年11月23日,5,星野大好き,
520,521,福林笙,2018年10月12日,3,少ない,
521,522,Googleユーザー,2019年3月14日,5,これ決め,
522,523,Googleユーザー,2019年1月24日,1,いら使え容量喰うゴミ,
523,524,Googleユーザー,2018年10月10日,5,カラオケでき,
525,526,Takahiro Hoshi,2018年10月29日,1,要らアプリ,
526,527,Googleユーザー,2018年11月11日,5,なく,
529,530,中村俊一,2018年10月3日,5,音楽楽しい素晴らしい,
531,532,Googleユーザー,2019年3月29日,5,たち,
533,534,fumika t,2019年1月19日,1,削除,
534,535,Googleユーザー,2018年10月27日,5,楽しく使っ,
535,536,Googleユーザー,2018年10月13日,4,好き,
536,537,佐藤福則,2019年4月14日,1,使用分から,
537,538,久保田瑞弥,2019年3月14日,3,良かっ,
538,539,斎門徹,2019年4月5日,5,重宝,
539,540,佐藤栄司,2019年1月26日,1,通知じゃま,
540,541,Googleユーザー,2018年12月19日,5,うたぱす購入する,
541,542,Googleユーザー,2018年10月16日,4,いい,
542,543,Googleユーザー,2018年10月26日,5,見え,
543,544,Googleユーザー,2018年11月21日,5,いい宜しく,
544,545,Googleユーザー,2018年10月9日,4,よくわから,
545,546,SUSUMU IDA,2018年10月9日,1,アンインストール出来,
546,547,Googleユーザー,2018年11月1日,4,良いアプリ,
547,548,畠山未麗,2019年4月13日,5,金額怖い,
548,549,Михаил Михайлович,2018年10月3日,1,ゴミクズ過ぎる非常邪魔要ら,
550,551,Googleユーザー,2019年3月24日,5,すごい(^-^)/,
551,552,Googleユーザー,2018年10月20日,4,宜しくお願い,
552,553,rouge feminine,2018年11月1日,3,良く理解,
553,554,Googleユーザー,2018年10月6日,4,良い思う,
554,555,Secret 桜花CHANNEL,2018年9月15日,1,勝手更新むかつく,
555,556,Googleユーザー,2018年10月19日,1,勝手終了する,
556,557,にしだすみこ,2019年4月30日,4,かたかごはな,
557,558,Googleユーザー,2018年10月28日,1,無くなっ,
558,559,青木俊夫,2018年10月31日,1,よくわから,
560,561,tomo tomo,2019年5月6日,3,容量節約する不要削除どうしても削除でき非常困っ,
561,562,抹茶,2019年5月7日,2,音楽聞こまず音楽再生押し反応Androidアップデート瞬間反応わるい何とか,
562,563,かまうち,2019年5月7日,1,以前問題なかっ音楽止まるなっ,
563,564,こばやしてつじ,2019年5月7日,2,imdナナアローストビーフ33333,
564,565,中村理子,2019年5月7日,3,まあまあ使い,
565,566,わたかべおさむ,2019年5月2日,5,??,
566,567,小倉祐二,2019年5月8日,1,LISMO使い,
567,568,井上彰子,2019年4月30日,1,わかり,
571,572,峯石守,2019年4月25日,5,いい,
572,573,内門修一,2019年4月28日,3,使え,
573,574,高橋幸治,2019年5月7日,3,いい,
574,575,満窪敏,2019年5月3日,5,楽しみ,
575,576,家事直喜,2019年4月19日,1,使い,
576,577,ゆたによう,2019年4月23日,5,なし,
577,578,まぁくろ,2019年4月22日,5,聞き,
578,579,佐藤太郎丸,2019年4月22日,4,最高,
579,580,貞岡直人,2019年4月24日,5,使い,
582,583,柏原達子,2019年4月7日,2,使いずら,
583,584,K K,2019年4月5日,5,最高,
584,585,Ryuji Hosono,2019年4月13日,3,判ら,
585,586,能村英子,2019年4月11日,5,良い,
586,587,大慶勝行,2019年4月9日,5,いい,
587,588,西銘達郎,2019年4月23日,3,まあまあ,
588,589,渡邊美智子,2019年5月7日,4,いつも楽しく使っ,
589,590,神谷豊秋,2019年3月20日,3,特にない,
590,591,市村眞也,2019年3月16日,3,tt,
591,592,5566 okok,2019年3月14日,5,良い,
593,594,森晶,2019年5月8日,4,いい微妙,
594,595,Googleユーザー,2019年3月20日,5,楽しかっ,
596,597,鈴木孝義,2019年4月5日,1,つまんない,
597,598,Googleユーザー,2019年3月14日,3,良い,
599,600,move Cosutom,2019年3月31日,5,グッディ,
601,602,内倉順,2019年4月23日,5,なし,
602,603,鈴木カヨ子,2019年3月13日,5,良い,
603,604,石橋智也,2019年4月15日,5,良い,
604,605,中嶋紀子,2019年4月23日,5,お気に入り,
605,606,福崎司,2019年4月23日,5,最高,
607,608,蛯名未来男,2019年3月24日,5,最高,
608,609,相川ぽんず,2019年4月4日,5,いい,
611,612,竹本晴司,2019年3月26日,1,最低,
612,613,Googleユーザー,2019年3月6日,5,?????????????????????????,
615,616,佐藤正純,2019年3月13日,5,うたパス,
619,620,Googleユーザー,2019年3月1日,3,よい,
620,621,PERSONA 900,2019年3月13日,5,使い良い,
621,622,Googleユーザー,2019年3月13日,5,すごくいい,
622,623,Googleユーザー,2019年3月14日,5,好き,
623,624,KAZUHIRO YAMAGUCHI,2019年3月16日,3,いい,
624,625,Googleユーザー,2019年3月16日,5,良い,
625,626,Googleユーザー,2019年3月19日,4,良い(^^),
627,628,Googleユーザー,2019年2月20日,4,よかっ,
628,629,Yuri Arisa,2019年1月22日,2,広告通知邪魔通知OFFする必要通知ブロック音楽プレイヤー使い,
629,630,Googleユーザー,2019年1月17日,1,LISMO一番,
632,633,田野博和,2019年1月17日,5,うたパス,
633,634,菅田正美,2019年5月5日,1,RDDEできる,
634,635,萩原勝,2019年4月18日,3,普通,
636,637,Googleユーザー,2019年1月18日,5,使い,
638,639,平岡俊二,2019年3月19日,2,なか,
639,640,Googleユーザー,2019年1月24日,5,いい,
640,641,めどたかし,2019年2月10日,5,最高,
641,642,Googleユーザー,2019年3月14日,2,さくら,
642,643,内山修,2019年3月19日,5,楽しい,
643,644,森泉香織,2019年4月28日,3,good,
644,645,鈴木友和,2019年1月18日,5,=(^^)=,
646,647,Googleユーザー,2019年3月14日,5,良い,
647,648,鳥井祐太,2018年12月14日,5,musicplayerLISMO使え困りウィジェット置け大丈夫名前ウィジェットあるそれホーム画面置けタップする開け試し,
648,649,ART OF LIFE,2018年12月15日,5,musicplayerLISMOウィジェットホーム画面試し置いLISMOアクセス出来るなりお陰さま解決出来(__),
649,650,藤原淳子,2019年4月20日,4,ほほ,
650,651,Googleユーザー,2019年1月3日,5,いい押す,
652,653,近藤祐紀雄,2019年1月15日,1,わか,
653,654,Googleユーザー,2018年12月21日,5,分から,
655,656,田口勉,2019年1月3日,3,いい,
656,657,ry ki,2018年12月3日,1,とにかく切れるネット操作切れするau辞めよ,
657,658,Googleユーザー,2018年12月11日,5,みやすい,
658,659,Googleユーザー,2018年12月5日,5,イイ,
660,661,Googleユーザー,2018年12月1日,5,楽しい,
661,662,Oda Taiko,2018年11月15日,1,聞け聞くあなた好み近づくプレイリスト??←結構長く使っなっ好み聞くおき歌手並べ追伸改善れるよく聞くアナタおすすめ聞いない名前知ら歌手名前これ??,
662,663,uda sji,2018年11月7日,1,YouTube,
663,664,真左幸関,2019年4月12日,1,特に無い,
667,668,Googleユーザー,2018年12月18日,3,楽しみ,
668,669,Googleユーザー,2018年11月6日,5,面白い,
669,670,Googleユーザー,2018年10月23日,5,料金比較,
670,671,lemyチャンネル,2018年10月25日,1,意味不明,
671,672,柏谷美希,2018年10月28日,5,使い,
672,673,池田千佳子,2019年3月13日,1,いまいち,
673,674,佐藤寿,2018年10月17日,5,(((^∇^))),
674,675,南谷岳志,2018年10月6日,5,おもしろかっ,
677,678,N k,2018年9月22日,2,歌詞変え復活合っ歌詞歌え,
678,679,Kanda Mune,2018年9月26日,1,使い,
679,680,Googleユーザー,2018年9月30日,1,バグなぞ,
680,681,くりくりまろん,2018年9月29日,1,不要アプリ,
681,682,山口茂樹,2018年9月14日,1,いは,
682,683,賢二高橋,2018年10月3日,1,とにかく遅い,
684,685,ババロアみゆ,2018年9月26日,1,最悪,
685,686,Googleユーザー,2018年9月25日,5,よかっ,
686,687,Hiro Hama,2018年9月21日,4,良い,
687,688,Arthur Hennsy,2018年10月3日,1,不要,
688,689,09 12,2018年9月4日,1,LISMO使い操作あっちこっち散らばっいちいち面倒リスト入れるなりもっとかんなっスクロールボタン位置よく再生途中止まる増え使いウェジェット欲しい,
689,690,馬場恵子,2018年9月4日,3,音質悪く歌詞出るなりプレイリスト編集めんどくさい覚えれ大丈夫メジャーアーティストたいがいある思い,
690,691,佐藤浩,2018年8月22日,3,LISMO良かっ統合使い操作ボタン常にあり邪魔画面なら,
691,692,榊原麻記,2018年8月26日,1,普通聴け途中強制終了まともフル聞けなっ,
692,693,ひさめRAN,2018年9月12日,1,Bluetooth接続する勝手起動意地使わせよするなり,
693,694,栗山大雅,2018年9月7日,3,米津Myうた出来残念ぱねーッス,
694,695,Googleユーザー,2018年9月2日,5,普通うたパス使っ良かっ,
695,696,Googleユーザー,2018年8月28日,3,聞きマルシェ出店流し(^^♪,
696,697,lily Flower,2018年9月10日,5,使いアプリ思い買うお金必要自然溜まっ,
697,698,姫野芹香,2018年9月12日,3,LISMO使い聴きいい思い増やせる思い,
698,699,TAKAFUMI MARUYAMA,2018年8月20日,1,LISMO分離希望!、、、、、統合書い,
699,700,Googleユーザー,2018年8月23日,5,もっと早くうたパス利用良かっ思う気に入っ家事等し聞い,
700,701,Googleユーザー,2018年8月28日,5,聴きジャンル聴いストレス発散,
701,702,hide O,2018年8月28日,1,サイドメニューおすすめアプリスプラッシュ広告邪魔,
702,703,北小路綾子,2018年8月22日,1,Lismo使い,
703,704,秋生夕海,2018年9月6日,2,起動出来なっ,
704,705,みき,2018年9月5日,4,listenWith機能良いアーティストチャット出来る貴重場所,
705,706,犬井和実,2018年8月24日,1,更新全部消え,
706,707,金子友直,2018年8月18日,4,!!対応早く助かる,
708,709,木皮進一,2018年9月4日,5,最高良かっ感謝,
709,710,Googleユーザー,2018年8月27日,1,広告ウザすぎる,
710,711,Googleユーザー,2018年8月26日,4,若者老人使い易い,
711,712,TK0777 24T,2018年9月6日,4,UpdateVersion,
712,713,Benaya ch,2018年8月20日,1,なくなれ,
713,714,島田幸一,2018年8月21日,5,最高アプリ,
715,716,二宮隆寿,2018年8月21日,5,良好,
717,718,Googleユーザー,2018年8月21日,5,最高,
719,720,はいなま,2018年8月3日,2,更新いいカラオケ出来なっ正直いっマジひどい自分歌えるキー探し手軽聴ける最高機能早く戻し,
720,721,Tatsuhiko Kagami,2018年8月9日,2,いつの間にかバージョンアップ歌詞スクロール無くなる改悪使いアプリなっプレイリスト間違え入れつも登録改善要望あり,
721,722,Googleユーザー,2018年8月4日,1,カラオケ削除いかれ一番改悪代わりないランキング表示嫌がらせ悪質極まりない内部スパイ仕業思える,
722,723,飯島香菜子,2018年8月9日,2,容量あっダウンロード出来る毎回毎回プレイリストダウンロード入っダウンロード繰り返す削除する面倒最新ダウンロード不便おまけ以前LISMOプレイヤー出るうたパス表示意味わから,
723,724,KY,2018年8月3日,2,歌詞自動スクロール動き自分歌詞聴く好き楽しみ無くなり直り,
724,725,田中一郎,2018年8月13日,1,auうたユーザー望ま改悪繰り返し運営連中携帯音楽聴く無い鼻くそアプリ成り下がっ,
726,727,й ёё,2018年8月14日,2,歌詞スクロールなくなっ歌詞スクロール本当に戻し自動動かなっそこ戻し,
727,728,satoru abe,2018年8月6日,3,Googleプレイアップデート歌詞表示おかしくなりスクロールカラオケ歌詞表示なり,
728,729,親愛隊ケンオウ,2018年8月3日,2,アップデートするいい歌詞自動スクロール機能カラオケ無くなっ,
729,730,井上飛鳥,2018年8月15日,3,よかっ使いなり,
730,731,石野秀樹,2018年8月15日,1,カラオケ機能消し調整するめんどくさくなっ,
731,732,日蔭忠勝,2018年8月3日,1,アプリauひどくなっもっとよかっ画面ちらつくし,
732,733,Yuta Imaizumi,2018年8月5日,1,歌詞自動スクロール出来最悪自動スクロールあっ使っ,
733,734,Twintail,2018年8月2日,1,かってインストールするクソ,
734,735,ケータ,2018年8月3日,1,インストールお陰使いなっ,
735,736,北崎総司,2018年8月6日,1,カーナビBluetooth相性過ぎる,
736,737,さいたまクエ,2018年8月2日,1,勝手インストール,
737,738,Googleユーザー,2018年8月22日,1,これ直せ,
740,741,n n,2018年8月6日,1,使い辛い,
741,742,Googleユーザー,2018年8月13日,2,無料楽曲ダウンロードエラー,
742,743,山本高彰,2018年8月5日,1,いら,
743,744,sattyan3104,2018年8月3日,1,ゴミ,
744,745,Googleユーザー,2018年10月11日,1,なし,
745,746,男戸田聖,2018年8月2日,3,普通,
746,747,Googleユーザー,2018年8月16日,5,=(^^)=,
747,748,Googleユーザー,2018年8月2日,1,以前使い勝手良かっ利用更新バックグラウンド再生できなっ非常使いこれアプリ使っいい最初勝手インストール思い,
748,749,這鹿作者様BigfaceAlien,2018年8月2日,5,なんぉぉぉ)!midi形式聴ける評価音楽アプリエエェェ(´｀)ェェエエ勝手インストールれるやりアプリ探し(≧∇≦)(__)やっぱり要り評価下げ御免なさい,
749,750,三宅泰樹,2018年8月3日,2,歌詞自動スクロール使えあとジャケット画像アルバムある画像勝手変わっ辺り改善嬉しい端末ドコモXperia,
750,751,とうからし,2018年8月25日,1,うたパスなっBLUETOOTH聞けなっLISMO良かっアンインストール出来最悪,
751,752,ひょ子,2018年8月26日,1,勝手プレーヤー起動するなっ意味解らんLISMOなんでらん,
752,753,吉田健一,2018年8月2日,1,auやめ更新恐い,
753,754,西村京,2018年8月3日,1,勝手インストール止め,
755,756,Googleユーザー,2018年8月3日,5,勝手更新たくさん入るアーティストうた聞けるファイブスター,
756,757,Googleユーザー,2018年8月14日,2,やり方分かり使い,
757,758,康仁塩島,2018年8月3日,1,おまえ消し教えろ,
758,759,フリーダ,2018年8月3日,1,勝手インストールかうざい,
759,760,TAKU,2018年8月10日,1,アンインストール出来るしろ,
760,761,小川徹,2018年9月8日,1,以前LISMO分かり,
761,762,東珠美,2018年8月8日,2,ジャニーズない揚げ退会,
762,763,幾野昌代,2019年4月19日,3,五木ひろし,
763,764,齊藤千里,2019年2月10日,1,いら,
764,765,Googleユーザー,2018年8月5日,1,いら,
765,766,はる,2018年8月13日,1,必要ない,
766,767,菱田行雄,2018年8月26日,5,菱田行雄,
770,771,Googleユーザー,2018年12月1日,5,一緒,
771,772,少佐Masa,2018年8月11日,1,邪魔,
772,773,小野啓一,2018年8月3日,1,としい,
773,774,aki kawa,2018年10月13日,1,ない,
775,776,横山治,2019年4月16日,5,使わ,
776,777,ワカタビタカユキ,2018年10月5日,1,いる,
777,778,Googleユーザー,2018年9月27日,4,使い,
779,780,むちもも,2019年2月12日,1,残念,
780,781,Googleユーザー,2019年3月3日,1,やめ,
782,783,下ネタ番長,2018年10月21日,1,最低,
783,784,Googleユーザー,2019年3月18日,5,素晴らしい,
784,785,西口薫,2019年3月30日,5,楽しい,
